{"_runtime":533.474791,"_step":999,"loss":0.0012296417262405157,"_wandb":{"runtime":534},"_timestamp":1.7276857349090948e+09}