{"_step":89,"_wandb":{"runtime":51},"loss":0.2305532842874527,"_timestamp":1.72802455234637e+09,"_runtime":50.439156}