{"_runtime":3.042351,"_step":30,"_wandb":{"runtime":3},"loss":0.39588087797164917,"_timestamp":1.72822850588037e+09}