{"loss":0.0006598656764253974,"_timestamp":1.727944200357385e+09,"_runtime":513.797797,"_step":999,"_wandb":{"runtime":514}}