{"_timestamp":1.72828294646948e+09,"_runtime":3.4928179999999998,"_step":30,"_wandb":{"runtime":3},"loss":0.39588087797164917}