{"loss":8.86942405765062e+28,"_timestamp":1.727943056430238e+09,"_runtime":106.236438,"_step":195,"_wandb":{"runtime":107}}