{"_step":309,"loss":0.7306312918663025,"_timestamp":1.728222672936453e+09,"_wandb":{"runtime":172},"_runtime":171.782928}