{"_wandb":{"runtime":517},"loss":0.011859537102282047,"_timestamp":1.7279475407387772e+09,"_runtime":516.661315,"_step":999}