{"_wandb":{"runtime":3},"loss":0.39588087797164917,"_timestamp":1.728227635326955e+09,"_runtime":3.074608,"_step":30}