{"_wandb":{"runtime":3},"loss":0.39588087797164917,"_timestamp":1.7282278199008179e+09,"_runtime":3.09047,"_step":30}