{"_runtime":2.9031219999999998,"_step":30,"_wandb":{"runtime":2},"loss":0.39588087797164917,"_timestamp":1.728227429643708e+09}