{"_wandb":{"runtime":1562},"loss":0.35509011149406433,"_timestamp":1.728225459838586e+09,"_runtime":1562.131967,"_step":3099}