{"_runtime":6.01143725,"_step":17,"_wandb":{"runtime":6},"loss":0.3495481312274933,"_timestamp":1.727970885263529e+09}