{"_step":30,"loss":0.39588087797164917,"_wandb":{"runtime":3},"_timestamp":1.728227054846281e+09,"_runtime":3.171897}