{"_wandb":{"runtime":8174},"_runtime":8173.658026,"_step":14569,"loss":0.9570908546447754,"_timestamp":1.728501149100011e+09}